{
  "cancel": {
    "elapsedMs": 102.69340000000001,
    "fixtureId": "csv-5850000-high",
    "fixtureSha256": "082765c087900be8cbc95dda57bf7ef5f7e4e7e2c973b44c69a1570daf7635cd",
    "terminal": "cancelled"
  },
  "copyOneColumn64000Rows": {
    "implementation": "parameterized contiguous __dv_row_id range",
    "latencyMs": [
      91.63010000000001,
      87.6574,
      84.251,
      84.6514,
      90.3738
    ],
    "offsets": [
      0,
      800000,
      1600000,
      3200000,
      5786000
    ],
    "p95Ms": 91.63010000000001,
    "rowsPerSecondAtP95": 698460.4404011344
  },
  "filteredSortedQuery": {
    "boundaryElapsedMs": 5.581799999999999,
    "boundaryExpectedTarget": 60,
    "elapsedMs": 840.0942,
    "pageLatencyMs": [
      72.4614,
      51.9166,
      43.2004
    ],
    "resultRows": 2925000
  },
  "fixtureId": "csv-5850000-low",
  "fixtureSha256": "64f656af94b1260298217ae78cd9adb7346b41c8bfa8055a49b54a3bf4e3c6c0",
  "page": {
    "latencyMs": [
      29.6525,
      29.7789,
      30.9774,
      29.411199999999997,
      33.5163
    ],
    "offsets": [
      0,
      1,
      986803,
      2925000,
      5849800
    ],
    "p95Ms": 33.5163
  },
  "prepare": {
    "elapsedMs": 11600.0163,
    "rows": 5850000,
    "rowsPerSecond": 504309.63618559745
  },
  "profile": "release ignored prepared CSV product-path integration/performance",
  "resource": {
    "cancelInactiveBytesDeleted": 0,
    "finalActiveQueries": 0,
    "finalProcessTempBytes": 174342352,
    "handlesAfter": 157,
    "handlesBefore": 155,
    "inactiveBytesDeleted": 0,
    "persistentCacheBytesAfterReady": 174342342,
    "postCancelGrowthBytes": 0,
    "processBytesAfterReadyCleanup": 174342352,
    "processTempBaselineBytes": 10,
    "rssAfterBytes": 27918336,
    "rssBeforeBytes": 10235904,
    "rssCapBytes": 1572864000,
    "sampledPeakRssBytes": 52834304,
    "stablePersistentCacheEntries": 1,
    "tempHighWaterBytes": 174624001
  },
  "schemaVersion": 1,
  "sourceBoundary": {
    "elapsedMs": 0.4326,
    "expectedTarget": 96
  },
  "status": "PASS"
}
